Workbook

Sheet How to use
A1: PBL CRM test - Feedback Log
A3: How to fill in this log
A5: 1. Open the tab for your tester number - or 'Own data' for the last part. Every step of your sheet is listed.
A6: 2. After each step, choose its Result: Pass, Fail, Could not try (an earlier step failed, or another tester has
A7: not got there yet - say which in Notes), or Not done.
A8: 3. For a Fail, write a row in Findings for the problem, and put that row's number (#) beside the step.
A9: 4. Findings: one row per problem, at the time - not saved up for the end. Four columns matter most: the login you
A10: used, roughly what time it was, the record's code (CO-, WO-, RR-, AL-, EQ-) or name, and whether it happened again.
A11: 5. If something looks badly wrong - data lost, a record you should not see, something your job should not allow -
A12: tell the person running the test at once, and leave the screen as it is.
A14: Doing every sheet yourself? Fill in every tester's tab, in the order of the one-person route.
A15: Summary counts the results and the findings as you go.

Sheet Tester 1 - Sales
A1: Step | B1: What the step is | C1: Result | D1: Findings row(s) | E1: Notes
A2: 1 | B2: Create a Lead
A3: 2 | B3: Record a follow-up call
A4: 3 | B4: Record a conversation
A5: 4 | B5: Qualify the Lead and convert it
A6: 5 | B6: A Lead we will not take
A7: 6 | B7: Create the Account
A8: 7 | B8: Its address and contact
A9: 8 | B9: Its PAN
A10: 9 | B10: Its four GST numbers
A11: 10 | B11: Hand the customer to Accounts
A12: 11 | B12: The Opportunity, linked to the customer
A13: 12 | B13: The Commercial Offer and its lines
... A29: 28 | B29: What a Sales Executive may not do
B31: From PBL_CRM_UAT_TESTER_1_SALES.md

Sheet Tester 2 - Sales Manager
A1: Step | B1: What the step is | C1: Result | D1: Findings row(s) | E1: Notes
A2: 1 | B2: Approve Tester 1's first quotation
A3: 2 | B3: Approve Tester 1's second quotation
A4: 3 | B4: The customer
A5: 4 | B5: Its PAN and GST number
A6: 5 | B6: The enquiry and an offer in euros
A7: 6 | B7: Ask Operations for market rates
A8: 7 | B8: A quotation that cannot be approved yet
A9: 8 | B9: Priced, but the quotation is now out of date
A10: 9 | B10: Two people saving the same offer
A11: 10 | B11: One live offer per enquiry, and a button pressed twice
A12: 11 | B12: Rupees and euros are never added together
A13: 12 | B13: Send the offer and record it
... A21: 20 | B21: Refused
B23: From PBL_CRM_UAT_TESTER_2_SALES_MANAGER.md

Sheet Tester 3 - Operations
A1: Step | B1: What the step is | C1: Result | D1: Findings row(s) | E1: Notes
A2: 1 | B2: Making records that are Sales work
A3: 2 | B3: Three rates for Tester 1's offer
A4: 3 | B4: Two rates in euros for Tester 2's offer
A5: 4 | B5: Choosing the basis yourself
A6: 5 | B6: Changing an offer is not Operations' job
A7: 6 | B7: A file on the offer
A8: 7 | B8: Tester 1's Work Order
A9: 8 | B9: Nothing left to order
A10: 9 | B10: Read the Work Order as the person who receives it
A11: 10 | B11: In your own words
B13: From PBL_CRM_UAT_TESTER_3_OPERATIONS.md

Sheet Tester 4 - Accounts
A1: Step | B1: What the step is | C1: Result | D1: Findings row(s) | E1: Notes
A2: 1 | B2: Refused
A3: 2 | B3: What is waiting
A4: 3 | B4: The PAN is correct: verify it
A5: 4 | B5: A GST number entered by Sales
A6: 5 | B6: Attach the PAN card copy
A7: 6 | B7: Reject a PAN
A8: 7 | B8: Add the numbers yourself
A9: 8 | B9: A GST number already in the system
A10: 9 | B10: Numbers of the wrong shape
A11: 10 | B11: Read, but not change
A12: 11 | B12: What you would actually need
B14: From PBL_CRM_UAT_TESTER_4_ACCOUNTS.md

Sheet Own data
A1: Step | B1: What the step is | C1: Result | D1: Findings row(s) | E1: Notes
A2: 1 | B2: A real job, your way
A3: 2 | B3: A required field left empty
A4: 3 | B4: A PAN or GST number of the wrong shape
A5: 4 | B5: A GST number already in the system
A6: 5 | B6: A GST number that is not this customer's PAN
A7: 6 | B7: Odd quantities and rates
A8: 7 | B8: Dates far in the past or the future
A9: 8 | B9: A very long name, other languages and special characters
A10: 9 | B10: Files
A11: 10 | B11: A button pressed twice
A12: 11 | B12: The browser's Back button in the middle of a form
A13: 12 | B13: Things out of order
A14: 13 | B14: Repeat anything that failed
B16: From PBL_CRM_UAT_YOUR_OWN_DATA.md

Sheet Findings
A1: # | B1: Your name | C1: Login used | D1: Sheet and step | E1: Date | F1: Time (roughly) | G1: Which screen | H1: Which record | I1: What you were trying to do | J1: What you did, step by step | K1: What you expected | L1: What happened instead | M1: Did it happen again? | N1: If different, what was different | O1: How much did it get in your way? | P1: Screenshot attached? | Q1: For us - status | R1: For us - notes
A2: 1
A3: 2
A4: 3
A5: 4
A6: 5
A7: 6
A8: 7
A9: 8
A10: 9
A11: 10
A12: 11
A13: 12
... A400: 399

Sheet Summary
A1: How the test is going
A2: The counts update themselves as results and findings are filled in.
A4: Tab | B4: Pass | C4: Fail | D4: Could not try | E4: Not done | F4: Steps
A5: Tester 1 - Sales | B5: =COUNTIF('Tester 1 - Sales'!$C$2:$C$29,"Pass") | C5: =COUNTIF('Tester 1 - Sales'!$C$2:$C$29,"Fail") | D5: =COUNTIF('Tester 1 - Sales'!$C$2:$C$29,"Could not try") | E5: =COUNTIF('Tester 1 - Sales'!$C$2:$C$29,"Not done") | F5: 28
A6: Tester 2 - Sales Manager | B6: =COUNTIF('Tester 2 - Sales Manager'!$C$2:$C$21,"Pass") | C6: =COUNTIF('Tester 2 - Sales Manager'!$C$2:$C$21,"Fail") | D6: =COUNTIF('Tester 2 - Sales Manager'!$C$2:$C$21,"Could not try") | E6: =COUNTIF('Tester 2 - Sales Manager'!$C$2:$C$21,"Not done") | F6: 20
A7: Tester 3 - Operations | B7: =COUNTIF('Tester 3 - Operations'!$C$2:$C$11,"Pass") | C7: =COUNTIF('Tester 3 - Operations'!$C$2:$C$11,"Fail") | D7: =COUNTIF('Tester 3 - Operations'!$C$2:$C$11,"Could not try") | E7: =COUNTIF('Tester 3 - Operations'!$C$2:$C$11,"Not done") | F7: 10
A8: Tester 4 - Accounts | B8: =COUNTIF('Tester 4 - Accounts'!$C$2:$C$12,"Pass") | C8: =COUNTIF('Tester 4 - Accounts'!$C$2:$C$12,"Fail") | D8: =COUNTIF('Tester 4 - Accounts'!$C$2:$C$12,"Could not try") | E8: =COUNTIF('Tester 4 - Accounts'!$C$2:$C$12,"Not done") | F8: 11
A9: Own data | B9: =COUNTIF('Own data'!$C$2:$C$14,"Pass") | C9: =COUNTIF('Own data'!$C$2:$C$14,"Fail") | D9: =COUNTIF('Own data'!$C$2:$C$14,"Could not try") | E9: =COUNTIF('Own data'!$C$2:$C$14,"Not done") | F9: 13
A11: Findings, by how much they got in the way
A12: stopped me | B12: =COUNTIF(Findings!$O$2:$O$400,$A12)
A13: slowed me down | B13: =COUNTIF(Findings!$O$2:$O$400,$A13)
A14: annoying | B14: =COUNTIF(Findings!$O$2:$O$400,$A14)
A15: just noting it | B15: =COUNTIF(Findings!$O$2:$O$400,$A15)
A17: Findings, by login
A18: uat-sales-01 | B18: =COUNTIF(Findings!$C$2:$C$400,$A18)
A19: uat-manager-01 | B19: =COUNTIF(Findings!$C$2:$C$400,$A19)
A20: uat-operations-01 | B20: =COUNTIF(Findings!$C$2:$C$400,$A20)
A21: uat-finance-01 | B21: =COUNTIF(Findings!$C$2:$C$400,$A21)
A22: uat-fleet-01 | B22: =COUNTIF(Findings!$C$2:$C$400,$A22)
A23: uat-owner-01 | B23: =COUNTIF(Findings!$C$2:$C$400,$A23)
A24: uat-sales-02 | B24: =COUNTIF(Findings!$C$2:$C$400,$A24)
