Workbook

Sheet How to use
A1: PBL Hiring user test - Feedback Log
A3: How to fill in this log
A5: 1. Open the tab for your tester number - or 'Own data' for the last part. Every step of your sheet is listed.
A6: 2. After each step, choose its Result: Pass, Fail, Could not try (an earlier step failed, or another tester has
A7: not got there yet - say which in Notes), or Not done.
A8: 3. For a Fail, write a row in Findings for the problem, and put that row's number (#) beside the step.
A9: 4. Findings: one row per problem, at the time - not saved up for the end. Four columns matter most: the login you
A10: used, roughly what time it was, the record's code (CO-, WO-, RR-, AL-, EQ-) or name, and whether it happened again.
A11: 5. If something looks badly wrong - data lost, a record you should not see, something your job should not allow -
A12: tell the person running the test at once, and leave the screen as it is.
A14: Doing every sheet yourself? Fill in every tester's tab, in the order of the one-person route.
A15: Summary counts the results and the findings as you go.

Sheet Tester 1 - Sales
A1: Step | B1: What the step is | C1: Result | D1: Findings row(s) | E1: Notes
A2: 1 | B2: The customer and its sites
A3: 2 | B3: Its PAN and GST numbers
A4: 3 | B4: The enquiry and the offer
A5: 4 | B5: Sent, and accepted
A6: 5 | B6: The first Work Order: jetty and yard
A7: 6 | B7: The second Work Order: the refinery shutdown
A8: 7 | B8: Each line's site and billing details
A9: 8 | B9: The contract period
A10: 9 | B10: Billing terms, line 1
A11: 10 | B11: The shifts and the crew's upkeep, line 1
A12: 11 | B12: Billing terms, line 2
A13: 12 | B13: The holidays
... A18: 17 | B18: What you would actually need
B20: From PBL_HIRING_UAT_TESTER_1_SALES.md

Sheet Tester 2 - Fleet Admin
A1: Step | B1: What the step is | C1: Result | D1: Findings row(s) | E1: Notes
A2: 1 | B2: The fleet
A3: 2 | B3: Your reminders
A4: 3 | B4: A model for the unknown name
A5: 4 | B5: Upload and preview
A6: 5 | B6: Confirm
A7: 6 | B7: A machine with nothing recorded
A8: 7 | B8: A wheeled crane is a motor vehicle
A9: 8 | B9: A renewal without its copy
A10: 9 | B10: A new examination for Operations
A11: 10 | B11: Correct a mistake
A12: 11 | B12: A registration that wins
A13: 12 | B13: Add a test rule
... A20: 19 | B20: What you would actually need
B22: From PBL_HIRING_UAT_TESTER_2_FLEET_ADMIN.md

Sheet Tester 3 - Operations
A1: Step | B1: What the step is | C1: Result | D1: Findings row(s) | E1: Notes
A2: 1 | B2: A machine's papers
A3: 2 | B3: Your reminders
A4: 3 | B4: What line 1 needs
A5: 4 | B5: Allocate two crawlers
A6: 5 | B6: Kit on the first crane's trips
A7: 6 | B7: Kit on the second crane: what is left
A8: 7 | B8: The yard line, in Maharashtra
A9: 8 | B9: A warning cleared
A10: 9 | B10: A requirement at the refinery
A11: 10 | B11: Allocate, then replace before the job
A12: 11 | B12: A trip outside the job
A13: 12 | B13: Refused, or allowed
A14: 13 | B14: What you would actually need
B16: From PBL_HIRING_UAT_TESTER_3_OPERATIONS.md

Sheet Tester 4 - Accounts
A1: Step | B1: What the step is | C1: Result | D1: Findings row(s) | E1: Notes
A2: 1 | B2: PBL's holiday calendar
A3: 2 | B3: A machine's papers for a site
A4: 3 | B4: Things you may not do
A5: 4 | B5: Line 1, billed by the month
A6: 5 | B6: Line 2, billed by the shift
A7: 6 | B7: The contract and the holidays that apply
A8: 7 | B8: You may read, not change
A9: 8 | B9: A day-rate line at a central-government site
A10: 9 | B10: Which machine is billed
A11: 10 | B11: How often a machine is invoiced
A12: 11 | B12: Allocations starting soon
A13: 12 | B13: In your own words
B15: From PBL_HIRING_UAT_TESTER_4_ACCOUNTS.md

Sheet Own data
A1: Step | B1: What the step is | C1: Result | D1: Findings row(s) | E1: Notes
A2: 1 | B2: A real job, your way
A3: 2 | B3: Wrong numbers in a requirement
A4: 3 | B4: Wrong certificates
A5: 4 | B5: Copies
A6: 5 | B6: Kit
A7: 6 | B7: Holidays and terms
A8: 7 | B8: A button pressed twice
A9: 8 | B9: The browser's Back button in the middle of a form
A10: 9 | B10: Things out of order
A11: 10 | B11: Repeat anything that failed
B13: From PBL_HIRING_UAT_YOUR_OWN_DATA.md

Sheet Findings
A1: # | B1: Your name | C1: Login used | D1: Sheet and step | E1: Date | F1: Time (roughly) | G1: Which screen | H1: Which record | I1: What you were trying to do | J1: What you did, step by step | K1: What you expected | L1: What happened instead | M1: Did it happen again? | N1: If different, what was different | O1: How much did it get in your way? | P1: Screenshot attached? | Q1: For us - status | R1: For us - notes
A2: 1
A3: 2
A4: 3
A5: 4
A6: 5
A7: 6
A8: 7
A9: 8
A10: 9
A11: 10
A12: 11
A13: 12
... A400: 399

Sheet Summary
A1: How the test is going
A2: The counts update themselves as results and findings are filled in.
A4: Tab | B4: Pass | C4: Fail | D4: Could not try | E4: Not done | F4: Steps
A5: Tester 1 - Sales | B5: =COUNTIF('Tester 1 - Sales'!$C$2:$C$18,"Pass") | C5: =COUNTIF('Tester 1 - Sales'!$C$2:$C$18,"Fail") | D5: =COUNTIF('Tester 1 - Sales'!$C$2:$C$18,"Could not try") | E5: =COUNTIF('Tester 1 - Sales'!$C$2:$C$18,"Not done") | F5: 17
A6: Tester 2 - Fleet Admin | B6: =COUNTIF('Tester 2 - Fleet Admin'!$C$2:$C$20,"Pass") | C6: =COUNTIF('Tester 2 - Fleet Admin'!$C$2:$C$20,"Fail") | D6: =COUNTIF('Tester 2 - Fleet Admin'!$C$2:$C$20,"Could not try") | E6: =COUNTIF('Tester 2 - Fleet Admin'!$C$2:$C$20,"Not done") | F6: 19
A7: Tester 3 - Operations | B7: =COUNTIF('Tester 3 - Operations'!$C$2:$C$14,"Pass") | C7: =COUNTIF('Tester 3 - Operations'!$C$2:$C$14,"Fail") | D7: =COUNTIF('Tester 3 - Operations'!$C$2:$C$14,"Could not try") | E7: =COUNTIF('Tester 3 - Operations'!$C$2:$C$14,"Not done") | F7: 13
A8: Tester 4 - Accounts | B8: =COUNTIF('Tester 4 - Accounts'!$C$2:$C$13,"Pass") | C8: =COUNTIF('Tester 4 - Accounts'!$C$2:$C$13,"Fail") | D8: =COUNTIF('Tester 4 - Accounts'!$C$2:$C$13,"Could not try") | E8: =COUNTIF('Tester 4 - Accounts'!$C$2:$C$13,"Not done") | F8: 12
A9: Own data | B9: =COUNTIF('Own data'!$C$2:$C$11,"Pass") | C9: =COUNTIF('Own data'!$C$2:$C$11,"Fail") | D9: =COUNTIF('Own data'!$C$2:$C$11,"Could not try") | E9: =COUNTIF('Own data'!$C$2:$C$11,"Not done") | F9: 10
A11: Findings, by how much they got in the way
A12: stopped me | B12: =COUNTIF(Findings!$O$2:$O$400,$A12)
A13: slowed me down | B13: =COUNTIF(Findings!$O$2:$O$400,$A13)
A14: annoying | B14: =COUNTIF(Findings!$O$2:$O$400,$A14)
A15: just noting it | B15: =COUNTIF(Findings!$O$2:$O$400,$A15)
A17: Findings, by login
A18: uat-sales-01 | B18: =COUNTIF(Findings!$C$2:$C$400,$A18)
A19: uat-manager-01 | B19: =COUNTIF(Findings!$C$2:$C$400,$A19)
A20: uat-operations-01 | B20: =COUNTIF(Findings!$C$2:$C$400,$A20)
A21: uat-finance-01 | B21: =COUNTIF(Findings!$C$2:$C$400,$A21)
A22: uat-fleet-01 | B22: =COUNTIF(Findings!$C$2:$C$400,$A22)
A23: uat-owner-01 | B23: =COUNTIF(Findings!$C$2:$C$400,$A23)
A24: uat-sales-02 | B24: =COUNTIF(Findings!$C$2:$C$400,$A24)
